RK,NAME,TEAM,SALARY
1,"Stephen Curry, PG",Golden State Warriors,"$40,231,758"
2,"Chris Paul, PG",Oklahoma City Thunder,"$38,506,482"
3,"Russell Westbrook, PG",Houston Rockets,"$38,506,482"
4,"John Wall, PG",Washington Wizards,"$38,199,000"
5,"Kevin Durant, SF",Brooklyn Nets,"$38,199,000"
6,"James Harden, SG",Houston Rockets,"$38,199,000"
7,"LeBron James, SF",Los Angeles Lakers,"$37,436,858"
8,"Kyle Lowry, PG",Toronto Raptors,"$34,996,296"
9,"Blake Griffin, PF",Detroit Pistons,"$34,449,964"
10,"Tobias Harris, SF",Philadelphia 76ers,"$32,742,000"
11,"Jimmy Butler, SF",Miami Heat,"$32,742,000"
12,"Kawhi Leonard, SF",LA Clippers,"$32,742,000"
13,"Klay Thompson, SG",Golden State Warriors,"$32,742,000"
14,"Kemba Walker, PG",Boston Celtics,"$32,742,000"
15,"Gordon Hayward, SF",Boston Celtics,"$32,700,690"
16,"Mike Conley, PG",Utah Jazz,"$32,511,624"
17,"Kyrie Irving, PG",Brooklyn Nets,"$31,742,000"
18,"Khris Middleton, SF",Milwaukee Bucks,"$30,603,448"
19,"Paul George, SG",LA Clippers,"$30,560,700"
20,"Paul Millsap, PF",Denver Nuggets,"$30,350,000"
21,"Damian Lillard, PG",Portland Trail Blazers,"$29,802,321"
22,"Kevin Love, PF",Cleveland Cavaliers,"$28,942,830"
23,"Al Horford, PF",Philadelphia 76ers,"$28,000,000"
24,"Nikola Vucevic, C",Orlando Magic,"$28,000,000"
25,"DeMar DeRozan, SF",San Antonio Spurs,"$27,739,975"
26,"CJ McCollum, SG",Portland Trail Blazers,"$27,556,959"
27,"Joel Embiid, C",Philadelphia 76ers,"$27,504,630"
28,"Andrew Wiggins, SF",Minnesota Timberwolves,"$27,504,630"
29,"Nikola Jokic, C",Denver Nuggets,"$27,504,630"
30,"Devin Booker, SG",Phoenix Suns,"$27,285,000"
31,"D'Angelo Russell, SG",Minnesota Timberwolves,"$27,285,000"
32,"Karl-Anthony Towns, C",Minnesota Timberwolves,"$27,285,000"
33,"Kristaps Porzingis, PF",Dallas Mavericks,"$27,285,000"
34,"Otto Porter Jr., SF",Chicago Bulls,"$27,250,575"
35,"Bradley Beal, SG",Washington Wizards,"$27,093,019"
36,"Andre Drummond, C",Detroit Pistons,"$27,093,019"
37,"Anthony Davis, PF",Los Angeles Lakers,"$27,093,018"
38,"Hassan Whiteside, C",Portland Trail Blazers,"$27,093,017"
39,"Jrue Holiday, SG",New Orleans Pelicans,"$26,231,111"
40,"LaMarcus Aldridge, PF",San Antonio Spurs,"$26,000,000"
41,"Steven Adams, C",Oklahoma City Thunder,"$25,842,697"
42,"Giannis Antetokounmpo, PF",Milwaukee Bucks,"$25,842,697"
43,"Marc Gasol, C",Toronto Raptors,"$25,595,700"
44,"Nicolas Batum, SG",Charlotte Hornets,"$25,565,217"
45,"Chandler Parsons, SF",Atlanta Hawks,"$25,102,511"
46,"Harrison Barnes, SF",Sacramento Kings,"$24,147,727"
47,"Serge Ibaka, C",Toronto Raptors,"$23,271,604"
48,"Rudy Gobert, C",Utah Jazz,"$23,241,573"
49,"Danilo Gallinari, PF",Oklahoma City Thunder,"$22,615,559"
50,"Victor Oladipo, SG",Indiana Pacers,"$21,000,000"
51,"Tim Hardaway Jr., SG",Dallas Mavericks,"$20,025,127"
52,"Malcolm Brogdon, PG",Indiana Pacers,"$20,000,000"
53,"Terry Rozier, PG",Charlotte Hornets,"$19,894,737"
54,"Aaron Gordon, PF",Orlando Magic,"$19,863,636"
55,"Zach LaVine, PG",Chicago Bulls,"$19,500,000"
56,"Kent Bazemore, SG",Sacramento Kings,"$19,269,662"
57,"Tyler Johnson, SG",Phoenix Suns,"$19,245,370"
58,"Goran Dragic, PG",Miami Heat,"$19,217,900"
59,"Jeff Teague, PG",Minnesota Timberwolves,"$19,000,000"
60,"Evan Turner, SG",Atlanta Hawks,"$18,606,556"
61,"Draymond Green, PF",Golden State Warriors,"$18,539,130"
62,"Tristan Thompson, C",Cleveland Cavaliers,"$18,539,130"
63,"Allen Crabbe, SG",Minnesota Timberwolves,"$18,500,000"
64,"Julius Randle, PF",New York Knicks,"$18,000,000"
65,"Myles Turner, C",Indiana Pacers,"$18,000,000"
66,"Gary Harris, SG",Denver Nuggets,"$17,839,286"
67,"Derrick Favors, C",New Orleans Pelicans,"$17,650,000"
68,"Andre Iguodala, SG",Miami Heat,"$17,185,185"
69,"Evan Fournier, SG",Orlando Magic,"$17,150,000"
70,"Bismack Biyombo, C",Charlotte Hornets,"$17,000,000"
71,"Bojan Bogdanovic, SF",Utah Jazz,"$17,000,000"
72,"Timofey Mozgov, C",Orlando Magic,"$16,720,000"
73,"Gorgui Dieng, C",Memphis Grizzlies,"$16,229,213"
74,"Ricky Rubio, PG",Phoenix Suns,"$16,200,000"
75,"Jonas Valanciunas, C",Memphis Grizzlies,"$16,000,000"
76,"JR Smith, G",Cleveland Cavaliers,"$15,680,000"
77,"Brandon Knight, PG",Detroit Pistons,"$15,643,750"
78,"Kelly Oubre Jr., SF",Phoenix Suns,"$15,625,000"
79,"Eric Bledsoe, PG",Milwaukee Bucks,"$15,625,000"
80,"Dennis Schroder, PG",Oklahoma City Thunder,"$15,500,000"
81,"Ian Mahinmi, C",Washington Wizards,"$15,450,051"
82,"James Johnson, PF",Minnesota Timberwolves,"$15,349,400"
83,"Bobby Portis, PF",New York Knicks,"$15,000,000"
84,"Marcus Morris Sr., SF",New York Knicks,"$15,000,000"
85,"Clint Capela, C",Houston Rockets,"$14,896,552"
86,"Luke Babbitt, F",Miami Heat,"$14,651,700"
87,"Danny Green, SG",Los Angeles Lakers,"$14,634,146"
88,"Rudy Gay, SF",San Antonio Spurs,"$14,500,000"
89,"Cody Zeller, C",Charlotte Hornets,"$14,471,910"
90,"Eric Gordon, SG",Houston Rockets,"$14,057,730"
91,"Mason Plumlee, PF",Denver Nuggets,"$14,041,096"
92,"Marcin Gortat, C",LA Clippers,"$13,565,218"
93,"JJ Redick, SG",New Orleans Pelicans,"$13,486,300"
94,"Jordan Clarkson, PG",Utah Jazz,"$13,437,500"
95,"Dewayne Dedmon, C",Sacramento Kings,"$13,333,333"
96,"Jusuf Nurkic, C",Portland Trail Blazers,"$13,125,000"
97,"Justise Winslow, SF",Miami Heat,"$13,000,000"
98,"Thaddeus Young, PF",Chicago Bulls,"$12,900,000"
99,"Will Barton, SF",Denver Nuggets,"$12,776,786"
100,"Courtney Lee, SG",Dallas Mavericks,"$12,759,670"
101,"Solomon Hill, SF",Memphis Grizzlies,"$12,758,781"
102,"Larry Nance Jr., PF",Cleveland Cavaliers,"$12,727,273"
103,"Kelly Olynyk, PF",Miami Heat,"$12,667,885"
104,"Marcus Smart, PG",Boston Celtics,"$12,553,571"
105,"Miles Plumlee, C",Memphis Grizzlies,"$12,500,000"
106,"Terrence Ross, SG",Orlando Magic,"$12,500,000"
107,"Nikola Mirotic, F",Milwaukee Bucks,"$12,500,000"
108,"Patty Mills, PG",San Antonio Spurs,"$12,428,571"
109,"Tyreke Evans, G",Indiana Pacers,"$12,400,000"
110,"Patrick Beverley, PG",LA Clippers,"$12,345,680"
111,"Trevor Ariza, SF",Sacramento Kings,"$12,195,122"
112,"Brook Lopez, C",Milwaukee Bucks,"$12,093,023"
113,"Cory Joseph, PG",Sacramento Kings,"$12,000,000"
114,"Joe Ingles, SG",Utah Jazz,"$11,954,546"
115,"Zach Randolph, F",Dallas Mavericks,"$11,692,308"
116,"Tony Snell, SF",Detroit Pistons,"$11,392,857"
117,"Robert Covington, PF",Minnesota Timberwolves,"$11,301,219"
118,"Meyers Leonard, C",Miami Heat,"$11,286,516"
119,"Omer Asik, C",Chicago Bulls,"$11,286,516"
120,"Maurice Harkless, SF",New York Knicks,"$11,011,234"
121,"T.J. Warren, SF",Indiana Pacers,"$10,810,000"
122,"Andre Roberson, SG",Oklahoma City Thunder,"$10,740,740"
123,"Spencer Dinwiddie, PG",Brooklyn Nets,"$10,605,600"
124,"Jeremy Lamb, SG",Indiana Pacers,"$10,500,000"
125,"Dwight Powell, C",Dallas Mavericks,"$10,259,375"
126,"Norman Powell, SG",Toronto Raptors,"$10,116,576"
127,"Josh Richardson, SG",Philadelphia 76ers,"$10,116,576"
128,"Darren Collison, G",Indiana Pacers,"$10,000,000"
129,"Tomas Satoransky, SG",Chicago Bulls,"$10,000,000"
130,"DeAndre Jordan, C",Brooklyn Nets,"$9,881,598"
131,"Zion Williamson, SF",New Orleans Pelicans,"$9,757,440"
132,"Markelle Fultz, PG",Orlando Magic,"$9,745,200"
133,"John Henson, PF",Detroit Pistons,"$9,732,396"
134,"Matthew Dellavedova, PG",Cleveland Cavaliers,"$9,607,500"
135,"Dante Exum, PG",Utah Jazz,"$9,600,000"
136,"Deandre Ayton, C",Phoenix Suns,"$9,562,920"
137,"Delon Wright, PG",Dallas Mavericks,"$9,473,684"
138,"Fred VanVleet, SG",Toronto Raptors,"$9,346,153"
139,"Jerami Grant, PF",Denver Nuggets,"$9,346,153"
140,"Tyus Jones, PG",Memphis Grizzlies,"$9,258,000"
141,"Al-Farouq Aminu, PF",Orlando Magic,"$9,258,000"
142,"George Hill, PG",Milwaukee Bucks,"$9,133,907"
143,"Kyle Anderson, SF",Memphis Grizzlies,"$9,073,050"
144,"Taj Gibson, C",New York Knicks,"$9,000,000"
145,"Ja Morant, PG",Memphis Grizzlies,"$8,730,240"
146,"Lonzo Ball, PG",New Orleans Pelicans,"$8,719,320"
147,"E'Twaun Moore, SG",New Orleans Pelicans,"$8,664,928"
148,"Marvin Bagley III, PF",Sacramento Kings,"$8,556,120"
149,"Bogdan Bogdanovic, SG",Sacramento Kings,"$8,529,386"
150,"P.J. Tucker, PF",Houston Rockets,"$8,349,039"
151,"C.J. Miles, SG",Washington Wizards,"$8,333,333"
152,"Cristiano Felicio, PF",Chicago Bulls,"$8,156,500"
153,"Ben Simmons, PG",Philadelphia 76ers,"$8,113,930"
154,"Kentavious Caldwell-Pope, SG",Los Angeles Lakers,"$8,089,282"
155,"Thomas Bryant, C",Washington Wizards,"$8,000,000"
156,"Elfrid Payton, PG",New York Knicks,"$8,000,000"
157,"Wayne Ellington, SG",New York Knicks,"$8,000,000"
158,"Lou Williams, SG",LA Clippers,"$8,000,000"
159,"Maxi Kleber, PF",Dallas Mavericks,"$8,000,000"
160,"RJ Barrett, SG",New York Knicks,"$7,839,960"
161,"Jayson Tatum, PF",Boston Celtics,"$7,830,000"
162,"Jae Crowder, SF",Memphis Grizzlies,"$7,815,533"
163,"Luka Doncic, SG",Dallas Mavericks,"$7,683,360"
164,"Joe Harris, SF",Brooklyn Nets,"$7,666,667"
165,"Darrell Arthur, F",Phoenix Suns,"$7,464,912"
166,"Seth Curry, SG",Dallas Mavericks,"$7,461,380"
167,"Doug McDermott, SF",Indiana Pacers,"$7,333,333"
168,"Langston Galloway, SG",Detroit Pistons,"$7,333,333"
169,"Derrick Rose, PG",Detroit Pistons,"$7,317,073"
170,"Brandon Ingram, SF",New Orleans Pelicans,"$7,265,485"
171,"D.J. Augustin, PG",Orlando Magic,"$7,250,000"
172,"Lance Thomas, F",Brooklyn Nets,"$7,119,650"
173,"De'Andre Hunter, SF",Atlanta Hawks,"$7,068,360"
174,"Josh Jackson, SG",Memphis Grizzlies,"$7,059,480"
175,"Davis Bertans, SF",Washington Wizards,"$7,000,000"
176,"Ersan Ilyasova, PF",Milwaukee Bucks,"$7,000,000"
177,"Darius Miller, SF",New Orleans Pelicans,"$7,000,000"
178,"Jaren Jackson Jr., PF",Memphis Grizzlies,"$6,927,480"
179,"Nemanja Bjelica, PF",Sacramento Kings,"$6,825,000"
180,"Jaylen Brown, SG",Boston Celtics,"$6,534,829"
181,"Jabari Parker, PF",Sacramento Kings,"$6,500,000"
182,"Ivica Zubac, C",LA Clippers,"$6,481,482"
183,"Darius Garland, PG",Cleveland Cavaliers,"$6,400,920"
184,"De'Aaron Fox, PG",Sacramento Kings,"$6,392,760"
185,"Milos Teodosic, G",LA Clippers,"$6,300,000"
186,"Trae Young, PG",Atlanta Hawks,"$6,273,000"
187,"Wesley Johnson, F",Washington Wizards,"$6,134,520"
188,"Ish Smith, PG",Washington Wizards,"$6,000,000"
189,"Montrezl Harrell, PF",LA Clippers,"$6,000,000"
190,"Marco Belinelli, SG",San Antonio Spurs,"$5,846,154"
191,"Jarrett Culver, SG",Minnesota Timberwolves,"$5,813,640"
192,"Jonathan Isaac, PF",Orlando Magic,"$5,806,440"
193,"Rodney Hood, SF",Portland Trail Blazers,"$5,718,000"
194,"Jonathon Simmons, G",Washington Wizards,"$5,700,000"
195,"Mo Bamba, C",Orlando Magic,"$5,697,600"
196,"Trey Lyles, C",San Antonio Spurs,"$5,500,000"
197,"Alex Abrines, G",Oklahoma City Thunder,"$5,455,236"
198,"Aron Baynes, C",Phoenix Suns,"$5,453,280"
199,"Jason Smith, F",New Orleans Pelicans,"$5,450,000"
200,"Kris Dunn, PG",Chicago Bulls,"$5,348,007"
201,"Coby White, PG",Chicago Bulls,"$5,307,120"
202,"Lauri Markkanen, PF",Chicago Bulls,"$5,300,400"
203,"Alexis Ajinca, C",LA Clippers,"$5,285,394"
204,"Wendell Carter Jr., C",Chicago Bulls,"$5,201,400"
205,"Dirk Nowitzki, F",Dallas Mavericks,"$5,000,000"
206,"Daniel Theis, C",Boston Celtics,"$5,000,000"
207,"Kyle Singler, F",Oklahoma City Thunder,"$4,996,000"
208,"Jaxson Hayes, C",New Orleans Pelicans,"$4,862,040"
209,"Buddy Hield, SG",Sacramento Kings,"$4,861,208"
210,"Frank Ntilikina, PG",New York Knicks,"$4,855,800"
211,"Rodney McGruder, SG",LA Clippers,"$4,807,693"
212,"Ed Davis, C",Utah Jazz,"$4,767,000"
213,"Richaun Holmes, C",Sacramento Kings,"$4,767,000"
214,"Frank Kaminsky, C",Phoenix Suns,"$4,767,000"
215,"Mike Scott, PF",Philadelphia 76ers,"$4,767,000"
216,"Garrett Temple, SG",Brooklyn Nets,"$4,767,000"
217,"Robin Lopez, C",Milwaukee Bucks,"$4,767,000"
218,"Avery Bradley, PG",Los Angeles Lakers,"$4,767,000"
219,"JaMychal Green, PF",LA Clippers,"$4,767,000"
220,"Justin Holiday, SF",Indiana Pacers,"$4,767,000"
221,"Enes Kanter, C",Boston Celtics,"$4,767,000"
222,"Collin Sexton, PG",Cleveland Cavaliers,"$4,764,960"
223,"Rui Hachimura, PF",Washington Wizards,"$4,469,160"
224,"Kevon Looney, PF",Golden State Warriors,"$4,464,226"
225,"Dennis Smith Jr., PG",New York Knicks,"$4,463,640"
226,"Jamal Murray, PG",Denver Nuggets,"$4,444,746"
227,"Kevin Knox II, SF",New York Knicks,"$4,380,120"
228,"Luc Mbah a Moute, F",LA Clippers,"$4,320,500"
229,"Cam Reddish, SG",Atlanta Hawks,"$4,245,720"
230,"Zach Collins, PF",Portland Trail Blazers,"$4,240,200"
231,"Mikal Bridges, SF",Phoenix Suns,"$4,161,000"
232,"Alex Len, C",Sacramento Kings,"$4,160,000"
233,"Nicolo Melli, PF",New Orleans Pelicans,"$4,102,564"
234,"Cameron Johnson, SF",Phoenix Suns,"$4,033,440"
235,"Malik Monk, SG",Charlotte Hornets,"$4,028,400"
236,"Patrick McCaw, SF",Toronto Raptors,"$4,000,000"
237,"Reggie Bullock, SF",New York Knicks,"$4,000,000"
238,"JaVale McGee, C",Los Angeles Lakers,"$4,000,000"
239,"Dorian Finney-Smith, SF",Dallas Mavericks,"$4,000,000"
240,"Shai Gilgeous-Alexander, SG",Oklahoma City Thunder,"$3,952,920"
241,"PJ Washington, PF",Charlotte Hornets,"$3,831,840"
242,"Luke Kennard, SG",Detroit Pistons,"$3,827,160"
243,"Miles Bridges, SF",Charlotte Hornets,"$3,755,400"
244,"Jakob Poeltl, C",San Antonio Spurs,"$3,754,886"
245,"Tyler Herro, SG",Miami Heat,"$3,640,200"
246,"Donovan Mitchell, SG",Utah Jazz,"$3,635,760"
247,"Stanley Johnson, SF",Toronto Raptors,"$3,623,000"
248,"Jake Layman, SF",Minnesota Timberwolves,"$3,581,986"
249,"Thon Maker, C",Detroit Pistons,"$3,569,643"
250,"Jerome Robinson, SG",Washington Wizards,"$3,567,720"
251,"Allonzo Trier, SG",New York Knicks,"$3,551,000"
252,"Danuel House Jr., SF",Houston Rockets,"$3,540,000"
253,"Domantas Sabonis, PF",Indiana Pacers,"$3,529,555"
254,"DeMarcus Cousins, C",Los Angeles Lakers,"$3,500,000"
255,"Michael Beasley, F",LA Clippers,"$3,500,000"
256,"T.J. McConnell, PG",Indiana Pacers,"$3,500,000"
257,"Boban Marjanovic, C",Dallas Mavericks,"$3,500,000"
258,"Dario Saric, PF",Phoenix Suns,"$3,481,986"
259,"Taurean Prince, PF",Brooklyn Nets,"$3,481,986"
260,"Romeo Langford, SG",Boston Celtics,"$3,458,400"
261,"Bam Adebayo, PF",Miami Heat,"$3,454,080"
262,"Michael Porter Jr., PF",Denver Nuggets,"$3,389,400"
263,"Denzel Valentine, SG",Chicago Bulls,"$3,377,569"
264,"Juan Hernangomez, PF",Minnesota Timberwolves,"$3,321,030"
265,"Sekou Doumbouya, SF",Detroit Pistons,"$3,285,120"
266,"Justin Jackson, SF",Dallas Mavericks,"$3,280,920"
267,"Troy Brown Jr., SF",Washington Wizards,"$3,219,480"
268,"Yogi Ferrell, PG",Sacramento Kings,"$3,150,000"
269,"Zhaire Smith, SG",Philadelphia 76ers,"$3,058,800"
270,"Khem Birch, PF",Orlando Magic,"$3,000,000"
271,"Quinn Cook, PG",Los Angeles Lakers,"$3,000,000"
272,"Ryan Arcidiacono, PG",Chicago Bulls,"$3,000,000"
273,"Nickeil Alexander-Walker, SG",New Orleans Pelicans,"$2,964,840"
274,"D.J. Wilson, PF",Milwaukee Bucks,"$2,961,120"
275,"Cedi Osman, SF",Cleveland Cavaliers,"$2,907,143"
276,"Donte DiVincenzo, SG",Milwaukee Bucks,"$2,905,800"
277,"Bryn Forbes, SG",San Antonio Spurs,"$2,875,000"
278,"Goga Bitadze, C",Indiana Pacers,"$2,816,760"
279,"T.J. Leaf, PF",Indiana Pacers,"$2,813,280"
280,"Alex Caruso, SG",Los Angeles Lakers,"$2,750,000"
281,"Malik Beasley, SG",Minnesota Timberwolves,"$2,731,714"
282,"Luka Samanic, PF",San Antonio Spurs,"$2,689,920"
283,"Lonnie Walker IV, SG",San Antonio Spurs,"$2,689,920"
284,"John Collins, PF",Atlanta Hawks,"$2,686,560"
285,"Kevin Huerter, SG",Atlanta Hawks,"$2,636,280"
286,"Caris LeVert, SG",Brooklyn Nets,"$2,625,718"
287,"Marko Guduric, SG",Memphis Grizzlies,"$2,625,000"
288,"DeAndre' Bembry, SG",Atlanta Hawks,"$2,603,982"
289,"Matisse Thybulle, SG",Philadelphia 76ers,"$2,582,160"
290,"Harry Giles III, C",Sacramento Kings,"$2,578,800"
291,"Wesley Matthews, SG",Milwaukee Bucks,"$2,564,753"
292,"Rajon Rondo, PG",Los Angeles Lakers,"$2,564,753"
293,"Nene Hilario, C",Atlanta Hawks,"$2,564,753"
294,"Josh Okogie, SF",Minnesota Timberwolves,"$2,530,680"
295,"Vincent Poirier, C",Boston Celtics,"$2,505,793"
296,"Rondae Hollis-Jefferson, SF",Toronto Raptors,"$2,500,000"
297,"Manu Ginobili, G",San Antonio Spurs,"$2,500,000"
298,"Brandon Clarke, SF",Memphis Grizzlies,"$2,478,840"
299,"Terrance Ferguson, SF",Oklahoma City Thunder,"$2,475,840"
300,"Emeka Okafor, C",Philadelphia 76ers,"$2,445,085"
301,"Kendrick Perkins, C",Cleveland Cavaliers,"$2,445,085"
302,"Grayson Allen, SG",Memphis Grizzlies,"$2,429,400"
303,"Grant Williams, PF",Boston Celtics,"$2,379,840"
304,"Jarrett Allen, C",Brooklyn Nets,"$2,376,840"
305,"Pascal Siakam, PF",Toronto Raptors,"$2,351,839"
306,"Skal Labissiere, PF",Portland Trail Blazers,"$2,338,847"
307,"Chandler Hutchison, SF",Chicago Bulls,"$2,332,320"
308,"Aaron Holiday, PG",Indiana Pacers,"$2,329,200"
309,"Dejounte Murray, PG",San Antonio Spurs,"$2,321,735"
310,"Damian Jones, C",Atlanta Hawks,"$2,305,057"
311,"Darius Bazley, SF",Oklahoma City Thunder,"$2,284,800"
312,"OG Anunoby, SF",Toronto Raptors,"$2,281,800"
313,"Ante Zizic, C",Cleveland Cavaliers,"$2,281,800"
314,"Luke Kornet, C",Chicago Bulls,"$2,250,000"
315,"Brandon Jennings, G",Milwaukee Bucks,"$2,222,803"
316,"Ty Jerome, SG",Phoenix Suns,"$2,193,480"
317,"Willie Cauley-Stein, C",Golden State Warriors,"$2,177,483"
318,"Anfernee Simons, SG",Portland Trail Blazers,"$2,149,560"
319,"Austin Rivers, PG",Houston Rockets,"$2,147,317"
320,"Nassir Little, SF",Portland Trail Blazers,"$2,105,520"
321,"Moritz Wagner, SF",Washington Wizards,"$2,063,520"
322,"Sean Kilpatrick, G",Chicago Bulls,"$2,054,856"
323,"Dylan Windler, SG",Cleveland Cavaliers,"$2,035,800"
324,"Caleb Swanigan, PF",Sacramento Kings,"$2,033,160"
325,"Mike Muscala, PF",Oklahoma City Thunder,"$2,028,594"
326,"Ben McLemore, SF",Houston Rockets,"$2,028,594"
327,"Edmond Sumner, PG",Indiana Pacers,"$2,000,000"
328,"Noah Vonleh, PF",Minnesota Timberwolves,"$2,000,000"
329,"Torrey Craig, SF",Denver Nuggets,"$2,000,000"
330,"Landry Shamet, SG",LA Clippers,"$1,995,120"
331,"Mfiondu Kabengele, PF",LA Clippers,"$1,977,000"
332,"Kyle Kuzma, PF",Los Angeles Lakers,"$1,974,600"
333,"Jordan Poole, SG",Golden State Warriors,"$1,964,760"
334,"Tony Bradley, C",Utah Jazz,"$1,962,360"
335,"Keldon Johnson, SF",San Antonio Spurs,"$1,950,600"
336,"Derrick White, PG",San Antonio Spurs,"$1,948,080"
337,"Robert Williams III, C",Boston Celtics,"$1,937,520"
338,"Jacob Evans, SG",Minnesota Timberwolves,"$1,925,880"
339,"Dzanan Musa, SG",Brooklyn Nets,"$1,911,600"
340,"Omari Spellman, PF",Golden State Warriors,"$1,897,800"
341,"James Ennis III, SF",Philadelphia 76ers,"$1,882,867"
342,"Shabazz Napier, PG",Washington Wizards,"$1,845,301"
343,"Bruno Caboclo, SF",Memphis Grizzlies,"$1,845,301"
344,"DeAndre Liggins, G",null Unknown,"$1,795,015"
345,"Markieff Morris, PF",Los Angeles Lakers,"$1,750,000"
346,"Cameron Payne, G",Toronto Raptors,"$1,737,145"
347,"Mario Hezonja, SF",Portland Trail Blazers,"$1,737,145"
348,"Pat Connaughton, SG",Milwaukee Bucks,"$1,723,050"
349,"Jahlil Okafor, C",New Orleans Pelicans,"$1,702,486"
350,"Rodions Kurucs, SF",Brooklyn Nets,"$1,699,236"
351,"Jonah Bolden, PF",Phoenix Suns,"$1,698,450"
352,"Cheick Diallo, PF",Phoenix Suns,"$1,678,854"
353,"David Nwaba, SG",Brooklyn Nets,"$1,678,854"
354,"Dragan Bender, F",Milwaukee Bucks,"$1,678,854"
355,"Willy Hernangomez, C",Charlotte Hornets,"$1,676,735"
356,"Julyan Stone, G",Chicago Bulls,"$1,656,092"
357,"MarShon Brooks, G",Chicago Bulls,"$1,656,092"
358,"Josh Hart, SF",New Orleans Pelicans,"$1,655,160"
359,"Georges Niang, SF",Utah Jazz,"$1,645,357"
360,"Derrick Jones Jr., SF",Miami Heat,"$1,645,357"
361,"Christian Wood, PF",Detroit Pistons,"$1,645,357"
362,"Jordan McRae, SG",Washington Wizards,"$1,645,357"
363,"Treveon Graham, SG",Minnesota Timberwolves,"$1,645,357"
364,"Jordan Bell, PF",Memphis Grizzlies,"$1,620,564"
365,"Anthony Tolliver, PF",Memphis Grizzlies,"$1,620,564"
366,"Isaiah Taylor, G",Toronto Raptors,"$1,620,564"
367,"Emmanuel Mudiay, PG",Utah Jazz,"$1,620,564"
368,"Nerlens Noel, C",Oklahoma City Thunder,"$1,620,564"
369,"Tyler Lydon, F",Sacramento Kings,"$1,620,564"
370,"Furkan Korkmaz, SG",Philadelphia 76ers,"$1,620,564"
371,"Glenn Robinson III, SF",Philadelphia 76ers,"$1,620,564"
372,"Raul Neto, PG",Philadelphia 76ers,"$1,620,564"
373,"Trey Burke, PG",Philadelphia 76ers,"$1,620,564"
374,"Kyle O'Quinn, C",Philadelphia 76ers,"$1,620,564"
375,"Alec Burks, SG",Philadelphia 76ers,"$1,620,564"
376,"Michael Carter-Williams, PG",Orlando Magic,"$1,620,564"
377,"Wilson Chandler, SF",Brooklyn Nets,"$1,620,564"
378,"Kyle Korver, SG",Milwaukee Bucks,"$1,620,564"
379,"Udonis Haslem, PF",Miami Heat,"$1,620,564"
380,"Jared Dudley, SF",Los Angeles Lakers,"$1,620,564"
381,"Dwight Howard, C",Los Angeles Lakers,"$1,620,564"
382,"Isaiah Thomas, PG",Washington Wizards,"$1,620,564"
383,"Patrick Patterson, PF",LA Clippers,"$1,620,564"
384,"JaKarr Sampson, SF",Indiana Pacers,"$1,620,564"
385,"Ryan Anderson, PF",Houston Rockets,"$1,620,564"
386,"Thabo Sefolosha, SF",Houston Rockets,"$1,620,564"
387,"Tyson Chandler, C",Houston Rockets,"$1,620,564"
388,"Tim Frazier, PG",Detroit Pistons,"$1,620,564"
389,"Joe Johnson, G",Detroit Pistons,"$1,620,564"
390,"Gerald Green, SG",Denver Nuggets,"$1,620,564"
391,"Justin Patton, C",Oklahoma City Thunder,"$1,620,564"
392,"J.J. Barea, PG",Dallas Mavericks,"$1,620,564"
393,"Jarell Martin, F",Cleveland Cavaliers,"$1,620,564"
394,"Shaquille Harrison, PG",Chicago Bulls,"$1,620,564"
395,"Vince Carter, SG",Atlanta Hawks,"$1,620,564"
396,"Dwayne Bacon, SG",Charlotte Hornets,"$1,618,520"
397,"Dillon Brooks, SG",Memphis Grizzlies,"$1,618,520"
398,"Royce O'Neale, SF",Utah Jazz,"$1,618,520"
399,"Abdel Nader, SF",Oklahoma City Thunder,"$1,618,520"
400,"Damyean Dotson, SG",New York Knicks,"$1,618,520"
401,"Sterling Brown, SG",Milwaukee Bucks,"$1,618,520"
402,"Frank Jackson, PG",New Orleans Pelicans,"$1,618,520"
403,"Semi Ojeleye, PF",Boston Celtics,"$1,618,520"
404,"Wes Iwundu, SF",Orlando Magic,"$1,618,420"
405,"Dwight Buycks, G",Detroit Pistons,"$1,600,520"
406,"Mitchell Robinson, C",New York Knicks,"$1,599,712"
407,"Chris Boucher, PF",Toronto Raptors,"$1,588,231"
408,"Malcolm Miller, SG",Toronto Raptors,"$1,588,231"
409,"Monte Morris, PG",Denver Nuggets,"$1,588,231"
410,"Antonio Blakeney, G",Chicago Bulls,"$1,588,231"
411,"Tyrone Wallace, SG",Atlanta Hawks,"$1,588,231"
412,"Malachi Richardson, G",Philadelphia 76ers,"$1,569,360"
413,"Georgios Papagiannis, C",Portland Trail Blazers,"$1,544,951"
414,"Chinanu Onuaku, C",Portland Trail Blazers,"$1,544,951"
415,"Wade Baldwin IV, G",Indiana Pacers,"$1,544,951"
416,"Isaiah Whitehead, G",Detroit Pistons,"$1,544,951"
417,"Paul Zipser, F",Chicago Bulls,"$1,544,951"
418,"Amile Jefferson, PF",Orlando Magic,"$1,529,007"
419,"Omri Casspi, F",Memphis Grizzlies,"$1,512,601"
420,"Lorenzo Brown, G",Guangzhou Guangzhou Long-Lions,"$1,512,601"
421,"Isaiah Canaan, G",Milwaukee Bucks,"$1,512,601"
422,"Dwyane Wade, G",Miami Heat,"$1,512,601"
423,"Nigel Williams-Goss, PG",Utah Jazz,"$1,500,000"
424,"Isaiah Roby, SF",Oklahoma City Thunder,"$1,500,000"
425,"Alfonzo McKinnie, SF",Cleveland Cavaliers,"$1,500,000"
426,"Shake Milton, SG",Philadelphia 76ers,"$1,455,697"
427,"Wenyen Gabriel, PF",Sacramento Kings,"$1,445,697"
428,"Theo Pinson, SG",Brooklyn Nets,"$1,445,697"
429,"Thanasis Antetokounmpo, SF",Milwaukee Bucks,"$1,445,697"
430,"Derrick Walton Jr., G",LA Clippers,"$1,445,697"
431,"Brad Wanamaker, PG",Boston Celtics,"$1,445,697"
432,"Iman Shumpert, SG",Brooklyn Nets,"$1,419,138"
433,"Devonte' Graham, PG",Charlotte Hornets,"$1,416,852"
434,"De'Anthony Melton, SG",Memphis Grizzlies,"$1,416,852"
435,"Jemerrio Jones, F",Milwaukee Bucks,"$1,416,852"
436,"Hamidou Diallo, SG",Oklahoma City Thunder,"$1,416,852"
437,"Deonte Burton, SG",Oklahoma City Thunder,"$1,416,852"
438,"Chimezie Metu, PF",San Antonio Spurs,"$1,416,852"
439,"Gary Trent Jr., SG",Portland Trail Blazers,"$1,416,852"
440,"Elie Okobo, SF",Phoenix Suns,"$1,416,852"
441,"Jevon Carter, PG",Phoenix Suns,"$1,416,852"
442,"Melvin Frazier Jr., SG",Orlando Magic,"$1,416,852"
443,"Jarred Vanderbilt, PF",Minnesota Timberwolves,"$1,416,852"
444,"Duncan Robinson, SG",Miami Heat,"$1,416,852"
445,"Kendrick Nunn, SG",Miami Heat,"$1,416,852"
446,"Alize Johnson, PF",Indiana Pacers,"$1,416,852"
447,"Isaiah Hartenstein, C",Houston Rockets,"$1,416,852"
448,"Bruce Brown, SG",Detroit Pistons,"$1,416,852"
449,"Khyri Thomas, SG",Detroit Pistons,"$1,416,852"
450,"Sviatoslav Mykhailiuk, SG",Detroit Pistons,"$1,416,852"
451,"Keita Bates-Diop, SF",Minnesota Timberwolves,"$1,416,852"
452,"Jalen Brunson, PG",Dallas Mavericks,"$1,416,852"
453,"Ryan Broekhoff, SG",Dallas Mavericks,"$1,416,852"
454,"Kenrich Williams, SF",New Orleans Pelicans,"$1,416,852"
455,"Dairis Bertans, G",New Orleans Pelicans,"$1,416,852"
456,"Yante Maten, F",Boston Celtics,"$1,416,852"
457,"Isaac Bonga, SF",Washington Wizards,"$1,416,842"
458,"Tarik Phillip, G",Washington Wizards,"$1,416,842"
459,"Jaylen Nowell, SG",Minnesota Timberwolves,"$1,400,000"
460,"Bruno Fernando, C",Atlanta Hawks,"$1,400,000"
461,"Dakari Johnson, C",null Unknown,"$1,378,242"
462,"Kyle Collinsworth, G",Utah Jazz,"$1,378,242"
463,"Brandon Paul, G",San Antonio Spurs,"$1,378,242"
464,"Jaylen Morris, G",Milwaukee Bucks,"$1,378,242"
465,"Rodney Purvis, G",Miami Heat,"$1,378,242"
466,"David Stockton, G",Los Angeles Lakers,"$1,378,242"
467,"Ike Anigbogu, C",Indiana Pacers,"$1,378,242"
468,"Zhou Qi, C",Houston Rockets,"$1,378,242"
469,"Aaron Jackson, F",Houston Rockets,"$1,378,242"
470,"Carmelo Anthony, PF",Portland Trail Blazers,"$1,364,204"
471,"Jabari Bird, G",Atlanta Hawks,"$1,349,464"
472,"Ben Moore, F",San Antonio Spurs,"$1,349,383"
473,"James Nunnally, G",Shanghai Sharks,"$1,349,383"
474,"Kevin Porter Jr., SG",Cleveland Cavaliers,"$1,290,960"
475,"Carsen Edwards, PG",Boston Celtics,"$1,228,026"
476,"Okaro White, F",Washington Wizards,"$1,187,862"
477,"Cody Martin, SF",Charlotte Hornets,"$1,173,310"
478,"Gary Payton II, PG",Washington Wizards,"$1,052,909"
479,"Nick Young, G",Denver Nuggets,"$1,042,584"
480,"Admiral Schofield, SG",Washington Wizards,"$1,000,000"
